Date,MSCI USA,MSCI USA Value,MSCI USA Low Size,MSCI USA Low Volatility,MSCI USA High Dividend Yield,MSCI USA Quality,MSCI USA Momentum
1/29/1999,2673.05,3277.734545,2384.21,995.479542,997.649417,683.831934,512.942863
2/26/1999,2598.02,3251.106568,2391.18,969.079546,970.419053,658.588413,500.178311
3/31/1999,2705.67,3332.419537,2344.66,989.782505,967.408227,682.563547,528.966699
4/30/1999,2802.00,3624.972158,2410.24,1033.753199,1064.030284,688.421002,530.437255
5/31/1999,2736.32,3560.597835,2663.08,1024.310711,1045.278656,672.911109,515.715429
6/30/1999,2882.88,3659.536265,2632,1042.486413,1072.987918,713.89406,557.455862
7/30/1999,2788.06,3556.91241,2726.34,1018.081696,1038.273465,695.281475,538.810766
8/31/1999,2769.98,3441.614914,2650.26,1000.220499,990.662663,702.845185,536.375561
9/30/1999,2687.15,3282.699449,2568.46,964.466076,950.175369,677.034344,535.006111
10/29/1999,2861.42,3465.876583,2479.31,1022.271558,985.623258,715.90256,579.252046
11/30/1999,2922.44,3455.556486,2579.41,1018.869749,978.974247,737.927703,603.1241
12/31/1999,3125.56,3525.672742,2605.92,1051.757114,946.197624,784.28498,690.144943
1/31/2000,2956.74,3414.873657,2751.04,1012.525258,913.530938,736.103392,642.744811
2/29/2000,2886.05,3190.588181,2578.82,961.077508,817.042573,727.695666,665.260508
3/31/2000,3173.60,3523.187459,2502.1,1052.300294,915.798686,790.480932,727.029645
4/28/2000,3069.68,3531.132706,2694.16,1044.367304,913.200834,766.005075,688.840378
5/31/2000,2988.37,3538.119183,2702.37,1033.943236,928.857301,747.860868,646.318812
6/30/2000,3058.55,3447.358095,2698.07,1027.00939,866.741767,796.530213,685.128124
7/31/2000,3002.69,3475.590655,2611.21,1015.599685,864.659473,770.153487,673.157384
8/31/2000,3158.75,3649.996385,2636.81,1067.695611,900.227181,800.498547,727.736224
9/29/2000,2985.68,3628.593405,2799.05,1063.089526,940.725401,758.226526,660.188555
10/31/2000,2963.24,3680.903191,2736.61,1077.304162,995.189622,772.489346,630.37708
11/30/2000,2729.01,3462.621332,2759.51,1042.034145,981.23369,726.64722,604.168392
12/29/2000,2723.62,3604.84345,2609.91,1075.780637,1022.48714,708.331518,623.553539
1/31/2001,2822.46,3670.989478,2752.34,1060.857328,1004.446776,728.221116,598.556969
2/28/2001,2569.24,3487.654313,2932.09,1025.359966,998.263412,658.408492,549.872603
3/30/2001,2404.76,3348.722202,2765.11,978.828411,971.845851,612.161913,507.322408
4/30/2001,2591.42,3565.988112,2625.97,1032.364503,1000.91722,653.390148,544.117181
5/31/2001,2605.84,3612.538121,2820.83,1051.307075,1023.343137,656.524127,544.485707
6/29/2001,2545.70,3524.405999,2878.27,1010.343978,990.844924,640.42573,525.841884
7/31/2001,2521.20,3481.967269,2808.76,1017.741418,1006.877581,649.992244,524.606576
8/31/2001,2352.66,3270.073881,2771.85,982.194062,975.947755,610.47291,510.512646
9/28/2001,2172.11,3005.493617,2634.3,932.976265,950.111877,575.852158,477.353673
10/31/2001,2203.21,2962.562359,2317.14,921.698483,922.249748,590.940541,474.354919
11/30/2001,2371.90,3136.909077,2367.94,971.943813,954.297838,637.471168,505.287123
12/31/2001,2386.12,3164.339678,2600,985.927495,967.670814,639.165584,513.707722
1/31/2002,2351.73,3127.150444,2685.53,977.331055,966.4871,644.393114,520.070162
2/28/2002,2304.70,3021.591128,2659.75,988.634394,987.762922,634.651792,525.153602
3/29/2002,2390.04,3212.361682,2602.25,1020.101739,1014.656213,648.912543,543.321048
4/30/2002,2234.44,3040.73275,2775.12,985.496553,981.725463,606.348347,543.702042
5/31/2002,2216.78,3030.903773,2670.91,983.564964,994.107559,599.302796,544.393784
6/28/2002,2047.01,2810.5413,2637.86,928.862937,939.123853,557.329011,516.349849
7/31/2002,1899.20,2523.076472,2387.33,868.869147,891.458572,523.940294,484.782385
8/30/2002,1907.35,2532.290825,2150.36,876.313998,888.127837,527.404015,490.778752
9/30/2002,1691.33,2233.171741,2144.27,791.894968,780.340373,473.47947,458.759462
10/31/2002,1844.17,2424.31548,1899.88,826.29462,824.617549,521.609218,463.639222
11/29/2002,1954.16,2618.932765,2032.86,847.140958,857.875578,540.794755,458.214235
12/31/2002,1835.20,2436.183134,2220.44,829.478703,831.6408,512.411934,448.846344
1/31/2003,1790.16,2385.296149,2095.31,801.767123,807.913055,496.088593,440.693144
2/28/2003,1761.86,2324.823026,2052.67,783.023871,788.09636,490.635927,436.816746
3/31/2003,1777.55,2313.194335,2006.86,789.247882,794.287799,497.503425,441.331319
4/30/2003,1925.36,2554.805609,2018.93,842.52857,864.078769,527.830771,468.040165
5/30/2003,2027.59,2743.033229,2204.52,879.409549,905.013575,550.154667,489.979426
6/30/2003,2051.85,2777.568836,2410.39,886.182277,918.921512,556.375867,497.831936
7/31/2003,2089.10,2809.109932,2422.01,888.530345,908.417675,556.003322,511.294397
8/29/2003,2127.28,2857.117614,2484.83,895.465627,921.067206,564.610524,518.40757
9/30/2003,2101.85,2828.701137,2587.37,892.4143,916.42288,560.030129,514.456758
10/31/2003,2220.83,2974.811873,2535.34,931.693156,949.100782,583.502916,546.690247
11/28/2003,2241.22,3010.575767,2721.73,943.70717,953.791571,586.013608,552.061487
12/31/2003,2356.52,3223.962761,2777.11,988.050141,1023.625939,612.649456,563.920223
1/30/2004,2398.43,3270.892547,2906.85,1001.525635,1037.278227,617.202535,577.985683
2/27/2004,2426.32,3326.447625,2974.75,1020.913676,1050.050676,626.797542,585.748326
3/31/2004,2386.85,3278.115839,3023.75,1017.119377,1031.605359,616.426448,582.737791
4/30/2004,2349.40,3214.294713,3001.18,1002.796038,1024.848021,626.21618,556.839347
5/31/2004,2379.51,3236.873509,2934.17,1011.040263,1026.267245,627.2742,570.465908
6/30/2004,2423.39,3319.268993,2984.65,1023.988915,1047.806626,635.788399,587.973651
7/30/2004,2340.00,3272.077339,3054.87,1000.113763,1037.56548,615.420579,558.724107
8/31/2004,2350.74,3321.945077,2921.74,1022.343695,1062.369095,619.031584,562.838146
9/30/2004,2375.51,3348.433001,2927.16,1030.174486,1061.881314,618.396039,593.286631
10/29/2004,2410.92,3395.508215,3016.28,1042.301566,1064.84875,621.274627,597.810975
11/30/2004,2508.69,3545.233761,3087.45,1088.119539,1100.515865,642.950704,643.870079
12/31/2004,2595.39,3664.756501,3258.08,1124.085683,1134.335515,671.716745,656.381092
1/31/2005,2530.41,3591.103927,3384.55,1104.141767,1111.391924,663.795558,642.719496
2/28/2005,2581.55,3697.521394,3284.28,1126.727187,1155.584855,680.756591,680.973255
3/31/2005,2539.20,3636.656793,3358.69,1115.051826,1134.943303,673.180633,674.067342
4/29/2005,2492.42,3580.46697,3319.91,1115.908259,1136.973042,657.99546,647.705881
5/31/2005,2572.54,3650.205556,3225.65,1139.622915,1148.800127,676.327995,672.281012
6/30/2005,2577.78,3670.749176,3364.55,1144.893546,1143.86872,668.317498,696.782948
7/29/2005,2673.73,3761.234545,3422.74,1176.642633,1158.006774,691.858425,725.621385
8/31/2005,2647.26,3728.032341,3603,1162.85804,1146.604075,681.441855,737.680945
9/30/2005,2669.01,3777.94,3568.6,1167.204629,1155.589667,680.508707,767.209269
10/31/2005,2624.38,3693.495235,3610.76,1150.805973,1126.91315,670.628298,743.680689
11/30/2005,2728.37,3825.952695,3510.58,1184.302574,1157.129487,690.662403,766.648474
12/30/2005,2728.81,3852.456516,3669.63,1190.697695,1165.142519,685.230684,779.722041
1/31/2006,2802.46,3952.304889,3693.87,1216.995744,1182.893383,695.829086,830.818279
2/28/2006,2803.45,3985.037504,3845.65,1221.030487,1196.482309,695.998435,799.372284
3/31/2006,2838.25,4033.046091,3839.87,1228.594122,1205.867148,700.304902,813.493101
4/28/2006,2874.62,4136.476922,3914.47,1235.552236,1242.705527,697.86663,823.058909
5/31/2006,2787.75,4031.645266,3957.8,1211.057972,1211.830303,677.564954,788.700749
6/30/2006,2789.82,4050.752798,3826.96,1221.119373,1216.955191,680.818086,795.742091
7/31/2006,2798.28,4155.476846,3821.61,1244.562101,1260.848945,684.71699,769.652141
8/31/2006,2863.81,4235.75127,3752.19,1266.992402,1289.386939,702.478582,763.476677
9/29/2006,2935.68,4334.417098,3848.8,1284.052081,1311.683566,716.040169,778.379897
10/31/2006,3035.09,4476.065789,3933.01,1321.289877,1340.219348,744.643572,815.889333
11/30/2006,3093.06,4555.984106,4088.29,1344.971671,1357.852196,760.047677,849.288597
12/29/2006,3129.25,4659.912563,4210.14,1359.893712,1396.9755,763.594632,860.747715
1/31/2007,3184.99,4712.690492,4226.57,1383.340355,1408.69797,773.356669,893.244759
2/28/2007,3124.59,4633.26074,4351.55,1365.195088,1383.323917,752.398936,866.918972
3/30/2007,3157.24,4705.537544,4349.44,1372.322478,1399.530707,760.344154,886.50936
4/30/2007,3291.66,4899.491148,4383.65,1423.022264,1457.331299,799.136965,919.949715
5/31/2007,3404.71,5068.165965,4556.99,1458.605021,1495.423142,826.277566,952.814368
6/29/2007,3346.55,4955.037818,4729.59,1413.28117,1456.71446,815.231606,926.349685
7/31/2007,3241.98,4732.157025,4639.65,1369.298903,1400.295429,801.906795,896.027234
8/31/2007,3289.15,4797.529011,4442.46,1396.393116,1433.622873,822.434242,907.210722
9/28/2007,3412.46,4957.357039,4460.08,1446.420146,1473.116532,849.302805,971.011266
10/31/2007,3468.90,4961.617632,4602.31,1463.556328,1469.499849,863.335478,1013.504652
11/30/2007,3320.17,4711.0506,4677.03,1427.120654,1424.254985,837.234886,979.630012
12/31/2007,3299.54,4644.685586,4459.67,1409.51163,1382.754918,840.3421,1010.125597
1/31/2008,3098.16,4453.204254,4405.03,1343.995737,1345.068649,779.997177,892.940459
2/29/2008,2999.82,4236.711416,4179.89,1302.507723,1266.770436,770.138514,889.032974
3/31/2008,2987.29,4222.975667,4058.42,1301.766297,1281.298989,766.621824,885.156376
4/30/2008,3134.12,4389.493486,4001.67,1356.431449,1300.991285,791.85285,959.260008
5/30/2008,3182.14,4360.32666,4224.06,1369.848406,1283.541216,813.104302,997.657087
6/30/2008,2921.23,3936.391396,4364.01,1277.267036,1153.160221,760.303941,984.002595
7/31/2008,2886.61,3916.202056,3949.91,1301.321875,1187.610729,753.478637,893.78417
8/29/2008,2924.28,3971.264533,3887.03,1324.766133,1210.080396,770.097235,886.628257
9/30/2008,2654.58,3712.549537,3962.56,1285.813275,1178.268385,714.446976,748.931497
10/31/2008,2199.44,3115.79053,3543.71,1098.421398,1030.626986,605.955789,640.639295
11/28/2008,2035.19,2934.618295,2791.93,1041.228068,979.56726,576.742113,586.359063
12/31/2008,2059.87,2970.231954,2548.26,1040.245053,988.394888,582.904288,594.758346
1/30/2009,1891.25,2621.458487,2677.71,946.985578,842.946183,556.341864,540.307719
2/27/2009,1695.52,2261.622866,2461.41,854.914855,731.023009,509.141878,486.367671
3/31/2009,1839.71,2461.38071,2199.4,911.005966,804.990465,553.18458,516.942932
4/30/2009,2015.40,2711.609579,2405.16,976.719308,886.047449,591.688936,546.483167
5/29/2009,2124.65,2888.244087,2796.59,1019.119436,947.370584,622.28162,570.347581
6/30/2009,2128.34,2858.091706,2939.6,1029.627351,949.085053,631.855968,583.717442
7/31/2009,2287.83,3084.248055,2937.75,1093.867943,1022.972188,668.066447,621.938701
8/31/2009,2365.75,3237.868793,3195.94,1126.01967,1045.846682,682.469861,629.481415
9/30/2009,2456.40,3339.47514,3344.58,1164.875323,1083.042497,705.371708,653.43323
10/30/2009,2407.96,3251.613852,3523.19,1135.08854,1067.13924,706.073297,634.006628
11/30/2009,2549.37,3442.881208,3391.61,1199.484054,1138.595696,748.633088,677.053963
12/31/2009,2600.68,3472.590893,3575.93,1222.003367,1155.174464,763.798156,696.534028
1/29/2010,2508.69,3396.431758,3741.04,1189.937234,1128.313937,730.478335,651.730122
2/26/2010,2584.37,3474.496665,3616.61,1214.41703,1145.989327,746.839357,682.862522
3/31/2010,2737.91,3684.268721,3772.76,1258.385818,1204.970768,783.741497,732.956277
4/30/2010,2780.94,3738.061379,4021.65,1268.58793,1221.362796,790.741427,737.023201
5/31/2010,2555.04,3442.246946,4136.63,1193.610074,1137.271326,725.228722,686.547468
6/30/2010,2418.00,3270.408563,3823.13,1173.5511,1106.490386,696.767917,648.903778
7/30/2010,2586.09,3487.839953,3600.84,1228.95345,1177.644407,738.901506,698.777326
8/31/2010,2469.51,3341.732511,3854.54,1211.694974,1160.989694,713.063441,668.096491
9/30/2010,2692.78,3586.881298,3691.66,1296.915594,1238.117102,784.778659,737.161809
10/29/2010,2797.87,3679.512983,4062.8,1338.245201,1272.64022,819.872468,773.358227
11/30/2010,2799.07,3655.412722,4223.73,1326.216875,1260.426068,818.371312,787.628849
12/31/2010,2984.85,3939.925502,4270.41,1391.056142,1324.209749,854.840533,820.259652
1/31/2011,3055.50,4049.557357,4562.73,1388.216758,1339.276708,865.674605,824.650546
2/28/2011,3155.95,4212.427452,4666.92,1430.237922,1394.909545,889.475414,857.516459
3/31/2011,3158.29,4204.757461,4842.84,1451.774688,1410.560555,889.461174,874.728983
4/29/2011,3253.89,4329.69128,4895.2,1509.357327,1474.158105,929.286014,908.454737
5/31/2011,3216.52,4260.981589,5052.04,1524.944091,1471.783638,927.300276,903.537499
6/30/2011,3160.45,4173.505607,5026.59,1506.450582,1453.057016,921.764209,897.113028
7/29/2011,3097.86,4028.765641,4924.67,1455.521369,1417.593805,918.700691,880.126291
8/31/2011,2924.32,3802.241844,4765.83,1450.596398,1388.182395,881.008606,829.585265
9/30/2011,2712.72,3539.476415,4464.17,1410.516795,1332.30872,839.279091,787.66524
10/31/2011,3009.53,3894.181408,4074.73,1502.3152,1431.581871,914.202785,852.338249
11/30/2011,2998.71,3873.668624,4580.7,1518.535477,1452.754162,918.286641,855.077322
12/30/2011,3025.49,3965.119504,4558.73,1557.18709,1498.100609,920.851059,865.175831
1/31/2012,3166.90,4090.400222,4553.2,1579.304021,1506.69678,969.15348,881.785679
2/29/2012,3304.00,4249.14049,4833.49,1612.58196,1552.575976,1007.537318,925.930036
3/30/2012,3408.23,4373.494067,5040.15,1652.986243,1587.422691,1043.345346,965.527718
4/30/2012,3386.49,4329.575547,5156.7,1674.768597,1589.194758,1039.555179,982.693798
5/31/2012,3175.95,4071.969663,5116.01,1631.940611,1523.52262,979.604502,936.168958
6/29/2012,3299.80,4264.461307,4750.07,1694.036349,1599.510759,1007.968148,964.477214
7/31/2012,3343.31,4315.922402,4903.64,1725.35872,1635.589418,1018.437839,977.101878
8/31/2012,3419.11,4371.044099,4917.99,1723.281237,1640.789252,1046.212681,989.761229
9/28/2012,3504.63,4497.824006,5063.49,1748.219204,1673.04472,1067.102489,1007.384568
10/31/2012,3439.93,4469.870444,5175.71,1730.124429,1656.679601,1028.211224,983.2939
11/30/2012,3459.29,4436.284585,5138.35,1732.198022,1644.052621,1038.488411,1000
12/31/2012,3489.35,4518.714265,5210.9,1716.069938,1640.057484,1042.992035,988.892243
1/31/2013,3672.62,4799.65475,5332.8,1802.624032,1728.801442,1095.801959,1031.576045
2/28/2013,3717.22,4871.274886,5696.18,1850.240838,1765.502234,1111.17553,1052.315234
3/29/2013,3855.32,5056.81165,5765.6,1943.18209,1842.990257,1146.84126,1104.720977
4/30/2013,3930.27,5186.802841,6022.01,1995.55949,1893.834239,1171.115912,1136.293105
5/31/2013,4010.14,5297.849297,6113.83,1945.500401,1892.229699,1203.347619,1134.708698
6/28/2013,3954.70,5255.632942,6250.19,1937.436218,1875.547066,1171.122734,1123.353417
7/31/2013,4161.09,5493.644988,6182.08,2007.223258,1954.661625,1221.812428,1193.435518
8/30/2013,4043.55,5285.232604,6543.36,1941.228822,1891.917624,1197.118752,1151.792101
9/30/2013,4175.55,5399.24735,6376.06,1989.43686,1921.900164,1241.542404,1187.587017
10/31/2013,4359.33,5650.240794,6649.4,2082.457993,2019.097988,1300.305161,1249.328644
11/29/2013,4480.64,5794.652332,6902.43,2109.087527,2063.802174,1352.218138,1287.00257
12/31/2013,4598.64,5929.258354,7037.72,2134.306497,2093.522392,1384.676424,1325.368059
1/31/2014,4441.15,5714.700319,7252,2069.452431,2005.594464,1327.293005,1295.536668
2/28/2014,4646.67,5937.797423,7050.53,2158.387686,2082.833151,1390.727459,1381.267524
3/31/2014,4676.54,6097.234133,7447.93,2175.000432,2137.91938,1383.520144,1334.330479
4/30/2014,4703.09,6167.587406,7464.12,2204.493986,2192.270545,1396.296088,1322.452307
5/30/2014,4812.04,6250.908893,7461.01,2228.416894,2219.45973,1425.378305,1374.70751
6/30/2014,4912.78,6379.308457,7645.45,2256.344492,2257.235568,1433.602576,1402.957224
7/31/2014,4841.88,6266.560077,7863.51,2221.099023,2219.276417,1421.863195,1387.755936
8/29/2014,5033.03,6480.631231,7676.92,2309.974661,2301.30393,1484.829385,1451.643413
9/30/2014,4952.13,6379.327795,8003.44,2291.208987,2286.29809,1469.199177,1442.454495
10/31/2014,5069.90,6502.18104,7776.08,2388.733244,2340.197106,1511.264081,1475.852105
11/28/2014,5200.73,6610.859691,7997.82,2469.421066,2402.835185,1546.131494,1530.974944
12/31/2014,5182.28,6602.774735,8190.68,2470.732522,2383.377622,1540.420405,1514.227922
1/30/2015,5034.45,6334.417014,8205.06,2457.980168,2304.528825,1513.928132,1505.343284
2/27/2015,5325.15,6642.593748,8031.04,2546.483691,2393.864832,1604.102893,1586.482693
3/31/2015,5245.79,6498.92668,8494.08,2526.444712,2334.758848,1578.587559,1567.628616
4/30/2015,5292.14,6623.487654,8458.53,2511.569963,2382.881223,1583.169235,1553.815727
5/29/2015,5359.10,6678.102543,8450.94,2536.673547,2388.414605,1604.806835,1603.954907
6/30/2015,5255.06,6502.704464,8542.68,2478.589366,2309.144903,1572.668285,1599.356758
7/31/2015,5357.44,6548.933319,8359.36,2576.297086,2342.334852,1618.680284,1658.604776
8/31/2015,5029.12,6163.834417,8432.85,2458.624174,2213.902941,1530.308221,1559.249753
9/30/2015,4893.42,6031.078892,7965.93,2442.91927,2205.461314,1518.031223,1528.677942
10/30/2015,5295.18,6506.024763,7693.96,2588.686274,2388.376587,1658.315099,1639.766018
11/30/2015,5309.82,6523.010622,8218.51,2580.871675,2389.621851,1661.235103,1647.655356
12/31/2015,5217.81,6416.766048,8252.94,2592.223576,2375.797446,1640.05825,1646.009572
1/29/2016,4938.73,6137.341546,8022.55,2555.123345,2330.547151,1563.523251,1585.230213
2/29/2016,4924.41,6125.44307,7504.78,2581.209211,2348.219571,1560.861531,1563.827401
3/31/2016,5258.51,6534.492492,7570.31,2733.69189,2498.010885,1657.88093,1645.48556
4/29/2016,5282.72,6609.039736,8165.79,2720.364775,2505.290969,1634.9378,1634.519915
5/31/2016,5375.46,6714.093912,8260.81,2762.362238,2542.807215,1656.196363,1674.217762
6/30/2016,5386.68,6787.864275,8392.88,2886.62333,2619.228126,1644.989403,1723.472543
7/29/2016,5589.16,6986.357269,8388,2928.14525,2686.592326,1722.922349,1769.265151
8/31/2016,5593.46,7021.324905,8770.82,2869.166605,2669.934153,1722.419723,1742.63565
9/30/2016,5597.10,7007.700319,8790.43,2848.309878,2670.380768,1730.922485,1750.406002
10/31/2016,5489.03,6903.089919,8813.21,2767.181783,2624.804895,1694.95896,1715.522324
11/30/2016,5682.74,7233.026449,8579.4,2782.656039,2671.672119,1735.795706,1704.434274
12/30/2016,5786.24,7432.652485,9018.87,2847.287959,2734.504772,1760.553952,1722.336161
1/31/2017,5904.26,7465.65537,9103.62,2883.877721,2756.636239,1791.341081,1779.056817
2/28/2017,6132.22,7734.054128,9330.36,3013.492763,2877.989525,1875.357989,1844.272937
3/31/2017,6138.11,7675.344149,9630.47,3014.94796,2879.95944,1888.124994,1883.192498
4/28/2017,6202.36,7663.148065,9618.22,3057.4417,2880.914025,1921.271515,1930.465164
5/31/2017,6282.29,7668.087179,9704.36,3118.830712,2927.278479,1958.384111,2022.595508
6/30/2017,6319.03,7808.410975,9786.35,3104.49015,2933.660751,1939.111075,2030.107794
7/31/2017,6444.90,7917.089976,9910,3165.863586,2981.861427,1969.025115,2099.232443
8/31/2017,6461.30,7840.117627,10056.29,3190.251789,2988.364048,1987.38434,2129.503127
9/29/2017,6590.65,8068.084317,9972.79,3205.458628,3048.900683,2028.49577,2189.745535
10/31/2017,6739.37,8163.604187,10240.72,3266.192045,3088.196654,2113.522378,2298.604566
11/30/2017,6939.44,8402.649309,10372.18,3366.30973,3194.458278,2183.074847,2361.681762
12/29/2017,7012.18,8504.751757,10758.94,3371.375429,3238.990585,2206.237482,2363.742091
1/31/2018,7412.42,8823.471313,10877.34,3488.612924,3366.90856,2337.07182,2557.097618
2/28/2018,7136.03,8373.531645,11367.22,3340.080756,3213.733573,2277.222912,2519.778461
3/30/2018,6958.79,8193.953676,10894.66,3329.931107,3162.690329,2231.137342,2427.45076
4/30/2018,6984.49,8207.627463,10826.87,3331.178344,3147.851013,2197.468084,2445.166833
5/31/2018,7149.83,8239.075494,10844.04,3365.624678,3175.339296,2274.734382,2529.295963
6/29/2018,7195.71,8280.336806,11033.56,3419.941249,3188.290662,2286.162002,2525.440193
7/31/2018,7451.54,8630.4604,11145.07,3533.601884,3330.377823,2367.752134,2571.788751
8/31/2018,7693.32,8740.007174,11476.69,3640.236347,3383.944819,2464.422959,2721.491263
9/28/2018,7725.44,8771.994809,11744.8,3683.44318,3426.387346,2481.193059,2746.510463
10/31/2018,7186.72,8384.467024,11741.07,3533.973773,3289.035313,2305.385283,2476.507387
11/30/2018,7321.50,8627.947462,10830.33,3663.292734,3416.220571,2331.157419,2509.580383
12/31/2018,6658.75,7828.048235,11112.68,3400.654224,3134.257181,2137.357648,2316.010465
1/31/2019,7203.50,8385.582789,10002.72,3595.338761,3301.936711,2308.790855,2469.37837
2/28/2019,7439.47,8642.320837,11022.8,3728.951237,3436.994662,2416.333523,2556.69447
3/29/2019,7573.78,8706.206195,11462.18,3825.961932,3459.265678,2494.604759,2610.83699
4/30/2019,7874.86,8981.205032,11532.31,3908.319705,3516.056242,2605.829346,2670.230162
5/31/2019,7371.93,8388.484516,11964.82,3843.191724,3288.633814,2427.995941,2608.089154
6/28/2019,7886.43,8956.613843,11146.61,4034.285803,3508.772006,2595.522582,2769.756194
7/31/2019,8005.45,9042.779545,11987.21,4099.106543,3528.232082,2662.398986,2819.261461
8/30/2019,7860.96,8799.878414,12116.63,4165.003797,3495.284027,2623.326615,2825.879487
9/30/2019,7997.34,9103.098685,11710.9,4200.110164,3619.541064,2657.737529,2790.682936
10/31/2019,8168.60,9228.450866,12010.65,4191.592078,3644.042609,2737.51019,2807.186874
11/29/2019,8470.36,9496.336538,12167.1,4244.472232,3716.504961,2855.268526,2900.663997
12/31/2019,8714.67,9754.853375,12619.3,4321.905819,3800.556373,2959.010294,2951.538154
1/31/2020,8728.57,9505.756967,12931.88,4420.988312,3730.405148,2975.728801,3059.419117
2/28/2020,8011.77,8576.599988,12778.55,4060.424969,3382.875236,2751.091063,2833.379514
3/31/2020,6991.83,7226.542427,11666.24,3574.430329,2984.195934,2511.408748,2509.204934
4/30/2020,7908.79,7989.020215,9538.82,3905.375163,3292.960479,2805.647353,2802.828983
5/29/2020,8314.81,8207.840864,10853.95,4073.174828,3384.376761,2970.031882,2969.497694
6/30/2020,8500.97,8143.337944,11569.62,4027.3862,3350.07168,3003.645202,3098.211225
7/31/2020,9002.47,8445.690405,11754.79,4207.453298,3456.607239,3140.391966,3309.705637
8/31/2020,9673.73,8773.741945,12360.91,4326.237329,3575.373914,3392.973238,3628.683325
9/30/2020,9309.46,8573.494471,12917.72,4253.651557,3499.951528,3293.619099,3487.477544
10/30/2020,9064.40,8375.263632,12655.06,4106.227898,3407.942312,3163.771941,3341.230886
11/30/2020,10108.22,9458.948791,12620.68,4441.320046,3742.842254,3504.310851,3685.300375
12/31/2020,10520.81,9759.641175,14427.53,4542.08471,3824.300212,3619.644827,3812.689918
1/29/2021,10420.14,9639.176052,15059.47,4418.998243,3774.24034,3528.897557,3876.550778
2/26/2021,10687.87,10076.45448,14917.86,4400.525629,3822.866542,3608.935802,3853.262261
3/31/2021,11085.83,10755.4113,15704.63,4641.003378,4112.196748,3754.529502,3805.135533
4/30/2021,11686.17,11145.23931,16284.57,4827.950856,4210.401628,3928.234259,4075.675249
5/31/2021,11737.39,11428.70011,17089.2,4866.063003,4303.253161,3962.122131,4008.441922
6/30/2021,12060.21,11315.14402,17347.52,4952.628795,4267.905333,4153.227698,4084.321224
7/30/2021,12341.87,11441.19995,17637.03,5123.974325,4348.203592,4299.367951,4121.516767
8/31/2021,12701.17,11661.82757,17866.34,5221.963594,4427.732584,4431.146436,4292.030815
9/30/2021,12097.62,11233.33805,18285.04,4960.05772,4211.125656,4146.40684,4141.791403
10/29/2021,12938.18,11868.16904,17479.84,5229.979658,4369.163019,4433.79133,4495.831034
11/30/2021,12802.61,11539.93563,18529.47,5124.722486,4301.406046,4427.301802,4317.562694
12/31/2021,13304.05,12325.53756,18014.17,5470.06147,4622.181061,4602.15592,4294.592113
1/31/2022,12547.64,12018.38941,18855.94,5145.887833,4526.122342,4257.914364,3904.94347
2/28/2022,12174.86,11788.92988,17749.37,4986.90928,4429.355604,4037.682485,3799.983326
3/31/2022,12598.06,12126.22472,17543.48,5258.247696,4543.053648,4191.85194,3975.611459
4/29/2022,11453.18,11524.78808,17968.77,4980.499469,4374.479933,3818.082524,3474.272605
5/31/2022,11422.19,11733.19536,16692.13,4977.378036,4476.579102,3797.750133,3482.333651
6/30/2022,10472.18,10764.02654,16778.34,4770.955081,4195.727397,3509.833837,3254.808556
7/29/2022,11445.40,11366.50091,15214.1,5012.072115,4352.475065,3816.114349,3421.801689
8/31/2022,10991.54,11038.44992,16570.83,4856.766915,4200.451197,3591.089577,3354.549682
9/30/2022,9968.06,10125.63269,16034.64,4506.242114,3870.792446,3247.420965,3150.237176
10/31/2022,10756.16,11248.59078,14510.43,4856.814176,4250.090786,3478.271287,3544.226728
11/30/2022,11334.79,11921.99189,15785.78,5134.960579,4553.593988,3741.200427,3669.836133
12/30/2022,10663.84,11468.19676,16760.14,4941.007159,4409.433187,3544.829135,3527.23065
1/31/2023,11362.18,11830.13882,15888.25,5011.798929,4482.920254,3745.311787,3503.58989
2/28/2023,11085.29,11417.55504,17201.62,4837.034661,4331.81047,3669.05565,3362.000963
3/31/2023,11473.67,11326.5096,16626.82,4997.655002,4367.501066,3911.700106,3372.884473
4/28/2023,11616.06,11468.72707,16528.4,5070.831183,4382.877287,3990.883332,3454.277052
5/31/2023,11685.39,10992.87375,16417.28,4903.251015,4187.233637,4114.634554,3286.356617
6/30/2023,12460.04,11663.57309,16057.01,5122.731387,4421.178161,4364.417518,3514.449454
7/31/2023,12885.39,12076.55058,17290.31,5189.963177,4572.533343,4521.310117,3575.013313
8/31/2023,12661.53,11765.29756,18022.33,5157.72829,4484.052588,4517.71281,3584.339459
9/29/2023,12064.09,11333.42625,17433.2,5010.546403,4318.724565,4298.844813,3412.054883
10/31/2023,11783.16,11004.59593,16613.11,4965.711457,4171.958811,4232.746506,3356.199312
11/30/2023,12886.72,11783.98295,15866.38,5252.12868,4431.420843,4588.948137,3668.903182
12/29/2023,13488.73,12426.02412,17428.7,5392.38561,4666.62472,4810.434579,3844.143005
1/31/2024,13695.29,12488.00015,18734.71,5511.48334,4704.392289,4960.863394,4059.619075
2/29/2024,14423.56,12911.11515,18565.89,5623.350917,4829.147947,5303.823054,4468.618797
3/29/2024,14877.48,13529.04941,19413.5,5798.737045,5035.224212,5426.75903,4622.638438
4/30/2024,14260.03,12953.79301,20268.42,5582.436074,4838.55607,5188.744718,4398.074745
5/31/2024,14934.68,13319.39068,19194.97,5735.896327,4930.04812,5490.429504,4651.793425
6/28/2024,15463.53,13311.39458,19685.89,5836.546225,4937.108295,5713.816769,4828.407907
7/31/2024,15653.76,13944.63973,19664.68,6052.307564,5166.158373,5729.485545,4726.20027
8/30/2024,16024.80,14337.54199,20479.52,6348.544776,5309.166792,5933.00357,4861.639144
9/30/2024,16364.15,14578.31656,20977.07,6373.947635,5402.135936,5988.124949,5010.224969
10/31/2024,16239.33,14400.29993,21421.3,6279.481134,5315.725093,5882.178102,4997.40408
11/29/2024,17249.05,15173.77329,21204.34,6592.515214,5530.269531,6141.651654,5253.136359
12/31/2024,16804.33,14109.81536,22829.03,6221.905394,5164.978713,5946.055401,5074.071254
1/31/2025,17311.74,14733.04994,21404.13,6442.686493,5329.845358,6167.801112,5348.59325
2/28/2025,17033.14,14865.82865,22296.47,6620.462226,5479.301586,6125.531704,5322.225436
3/31/2025,16030.54,14495.22923,21977.49,6578.069596,5386.759355,5768.388957,4973.497653
4/30/2025,15944.48,13976.30449,21052.28,6497.926532,5148.643279,5754.878722,5100.70413
5/30/2025,16967.01,14337.739,20688.31,6567.431838,5266.550379,6012.307536,5528.095435
6/30/2025,17833.73,14968.03607,21701.7,6611.008821,5393.408274,6241.37789,5714.505777
7/31/2025,18237.78,15036.10974,22486.02,6522.720474,5380.579634,6272.806141,5687.960668
8/29/2025,18589.51,15444.51648,22744.8,6631.30608,5614.078307,6406.928364,5733.816498
9/30/2025,19265.40,15714.23086,23269.55,6719.101583,5670.924596,6620.781853,6042.315961
10/31/2025,19718.96,15562.31139,23527.34,6581.41206,5603.951446,6757.551626,6053.980193
11/28/2025,19718.21,15828.25662,23479.29,6730.36171,5737.166848,6877.764999,5966.559732
12/31/2025,19713.71,15939.6477,23666.58,6677.000953,5731.984208,6890.02706,5953.952218
1/28/2026,19963.76,16646.52827,23739.45,6731.595527,6056.005465,7012.126451,6032.154538
